playlist_name,playlist_id,total_tracks,track_name,artist_name,album_name,track_id,genres
BGM,08ZHwvxQlZOQIp0aNQZl8h,536,Volcano Springs,"James Horner, Simon Franglen, James Horner, Simon Franglen",The Magnificent Seven (Original Motion Picture Soundtrack),3yxNgHKxT2ZQAr5hboHh8u,"orchestral soundtrack, soundtrack, british soundtrack"
BGM,08ZHwvxQlZOQIp0aNQZl8h,536,Fallout,Lorne Balfe,Mission: Impossible - Fallout (Music from the Motion Picture),0llzwIl1LZHvOW2GIKJ3jQ,"soundtrack, orchestral soundtrack, british soundtrack, video game music, epicore"
BGM,08ZHwvxQlZOQIp0aNQZl8h,536,Mission: Accomplished,Lorne Balfe,Mission: Impossible - Fallout (Music from the Motion Picture),6m9TO46YBQu3QYLSLs0Z4J,"soundtrack, orchestral soundtrack, british soundtrack, video game music, epicore"
BGM,08ZHwvxQlZOQIp0aNQZl8h,536,Statues,Alexandre Desplat,"Harry Potter and the Deathly Hallows, Pt. 2 (Original Motion Picture Soundtrack)",2AFFaiIlripSpcTYZXNL7f,"orchestral soundtrack, french soundtrack, soundtrack"
BGM,08ZHwvxQlZOQIp0aNQZl8h,536,Hedwig's Theme,John Williams,Harry Potter and The Sorcerer's Stone Original Motion Picture Soundtrack,1n8NKQRg8LVHy7oUhUgbFF,"orchestral soundtrack, soundtrack"
BGM,08ZHwvxQlZOQIp0aNQZl8h,536,Main Titles - Fantastic Beasts and Where to Find Them Theme,James Newton Howard,Fantastic Beasts and Where to Find Them (Original Motion Picture Soundtrack) [Deluxe Edition],0NxX4nHODgzusB4PrM73oN,"orchestral soundtrack, soundtrack"
BGM,08ZHwvxQlZOQIp0aNQZl8h,536,"The Good, The Bad And The Ugly - 2004 Remaster",Ennio Morricone,"The Good, The Bad And The Ugly [Original Motion Picture Soundtrack / (Remastered & Expanded)]",1JSIWsJfxOji0FrxFcxdCK,"orchestral soundtrack, classic soundtrack, italian soundtrack, vintage italian soundtrack"
BGM,08ZHwvxQlZOQIp0aNQZl8h,536,Triumphant Return,Alan Silvestri,Captain America: The First Avenger (Original Motion Picture Soundtrack),4GVS96YPDfYtu4oLkK7rp4,"orchestral soundtrack, soundtrack"
BGM,08ZHwvxQlZOQIp0aNQZl8h,536,Captain America Main Titles,Alan Silvestri,Captain America: The First Avenger,6y8BWRP7CmQ1Zjy7D1f6BN,"orchestral soundtrack, soundtrack"
BGM,08ZHwvxQlZOQIp0aNQZl8h,536,Captain America,Alan Silvestri,Captain America: The First Avenger (Original Motion Picture Soundtrack),4861hMUdRmrJUAU2pZQPTx,"orchestral soundtrack, soundtrack"
BGM,08ZHwvxQlZOQIp0aNQZl8h,536,Lemurian Star,Henry Jackman,Captain America: The Winter Soldier (Original Motion Picture Soundtrack),2xlZOAKTWVEAhZTrubJVmT,"british soundtrack, soundtrack"
BGM,08ZHwvxQlZOQIp0aNQZl8h,536,The Smithsonian,Henry Jackman,Captain America: The Winter Soldier (Original Motion Picture Soundtrack),2xpVDnKE9kJkZJAGhlOtYI,"british soundtrack, soundtrack"
BGM,08ZHwvxQlZOQIp0aNQZl8h,536,Taking a Stand,Henry Jackman,Captain America: The Winter Soldier (Original Motion Picture Soundtrack),6r9gskUHqOtP5rivvZuyEy,"british soundtrack, soundtrack"
BGM,08ZHwvxQlZOQIp0aNQZl8h,536,Cap's Promise,Henry Jackman,Captain America: Civil War (Original Motion Picture Soundtrack),29oY8ptMAWdMjPVjYK0wVj,"british soundtrack, soundtrack"
BGM,08ZHwvxQlZOQIp0aNQZl8h,536,Lord Knows / Fighting Stronger,"Meek Mill, Jhené Aiko, Ludwig Göransson",CREED: Original Motion Picture Soundtrack,767T5vqvDToZ8LtqT8iZx9,"r&b, soundtrack, pop rap, orchestral soundtrack, southern hip hop, hip hop, nordic soundtrack, rap, philly rap, trap"
BGM,08ZHwvxQlZOQIp0aNQZl8h,536,So Say We All,"Harry Lightfoot, Audiomachine",Volturnus,1yGtwQmr4NRzftGOHU6vX2,epicore
BGM,08ZHwvxQlZOQIp0aNQZl8h,536,The Avengers,Alan Silvestri,The Avengers (Original Motion Picture Soundtrack),5SXsXjVJCWeJuf7FHvgBYR,"orchestral soundtrack, soundtrack"
BGM,08ZHwvxQlZOQIp0aNQZl8h,536,"Marvel Studios Fanfare - From ""Thor: The Dark World""/Score",Brian Tyler,Thor: The Dark World (Original Motion Picture Soundtrack),0vPZjeaM0cfbxZJntcD4iy,"orchestral soundtrack, soundtrack, scorecore"
BGM,08ZHwvxQlZOQIp0aNQZl8h,536,What Heroes Do,Mark Mothersbaugh,Thor: Ragnarok (Original Motion Picture Soundtrack),6ksqO0S2mvvwpyMhVpVYFx,soundtrack
BGM,08ZHwvxQlZOQIp0aNQZl8h,536,Arena Fight,Mark Mothersbaugh,Thor: Ragnarok (Original Motion Picture Soundtrack),0yUYxPdVRKEOvu0HEu9f7h,soundtrack
BGM,08ZHwvxQlZOQIp0aNQZl8h,536,Ragnarok Suite,Mark Mothersbaugh,Thor: Ragnarok (Original Motion Picture Soundtrack),646yYgVW5sZWJloaGEW728,soundtrack
BGM,08ZHwvxQlZOQIp0aNQZl8h,536,"Driving with the Top Down (From ""Iron Man"")",The City of Prague Philharmonic Orchestra,Film Music 2008,7mt1kDgB7eLWRKVySvm2Jw,"symfonicky orchestr, orchestra, scorecore"
BGM,08ZHwvxQlZOQIp0aNQZl8h,536,Sledgehammer,John Debney,Original Motion Picture Score Iron Man 2,7AQ4iA4dcgC2pL9eO9yef4,"orchestral soundtrack, soundtrack"
BGM,08ZHwvxQlZOQIp0aNQZl8h,536,Can You Dig It (Iron Man 3 Main Titles),Brian Tyler,Iron Man 3 (Original Motion Picture Soundtrack),63toFNYr6cHaxMmhd2QmzQ,"orchestral soundtrack, soundtrack, scorecore"
BGM,08ZHwvxQlZOQIp0aNQZl8h,536,"Theme (from ""Spider Man"") [Original Television Series]",Michael Giacchino,Spider-Man: Homecoming (Original Motion Picture Soundtrack),1tzj2vY4twkNmZ5K3DUOPp,"orchestral soundtrack, soundtrack"
BGM,08ZHwvxQlZOQIp0aNQZl8h,536,Wakanda,"Ludwig Göransson, Baaba Maal",Black Panther (Original Score),2mjbf9ZvCoYqTi0RZ2FTUJ,"soundtrack, orchestral soundtrack, desert blues, mbalax, nordic soundtrack, afropop, musique peule, griot, world"
BGM,08ZHwvxQlZOQIp0aNQZl8h,536,Killmonger,Ludwig Göransson,Black Panther (Original Score),0w7yUSxpQV3a3HqlprOQUs,"orchestral soundtrack, soundtrack, nordic soundtrack"
BGM,08ZHwvxQlZOQIp0aNQZl8h,536,Maximum Effort,Junkie XL,Deadpool (Original Motion Picture Soundtrack),6O01H2YFcxHZr9w6XDsxXf,"soundtrack, big beat"
BGM,08ZHwvxQlZOQIp0aNQZl8h,536,The Fastest Man Alive - Always Late,Blake Neely,The Flash: Original Television Soundtrack: Season 1,3jynPlIywjBpko6ZkR1mUI,"orchestral soundtrack, soundtrack"
BGM,08ZHwvxQlZOQIp0aNQZl8h,536,Birth Of The Flash,Blake Neely,The Flash: Original Television Soundtrack: Season 1,1sHQFyuytk2kuyGGADXiGw,"orchestral soundtrack, soundtrack"
BGM,08ZHwvxQlZOQIp0aNQZl8h,536,The Batman Theme,Danny Elfman,Batman (Original Motion Picture Score),50csT5Qb2qOF7lHdDQ1Sbx,"orchestral soundtrack, soundtrack"
BGM,08ZHwvxQlZOQIp0aNQZl8h,536,Is She With You?,"Hans Zimmer, Junkie XL",Batman v Superman: Dawn of Justice (Original Motion Picture Soundtrack),47q8TxNygd1EV89Kq7uwe2,"orchestral soundtrack, german soundtrack, soundtrack, big beat"
BGM,08ZHwvxQlZOQIp0aNQZl8h,536,Theme from the Walking Dead,Bear McCreary,The Walking Dead (Original Television Soundtrack),2cji350vUbvxQ9QwyL5Nkp,"orchestral soundtrack, soundtrack, video game music, scorecore"
BGM,08ZHwvxQlZOQIp0aNQZl8h,536,The Walking Dead Theme,Retrospectre,This Is Halloween!,5L29vlA3VNyne1qT8Uej7Q,
BGM,08ZHwvxQlZOQIp0aNQZl8h,536,Jack Sparrow,Hans Zimmer,Pirates Of The Caribbean - Dead Man's Chest Original Soundtrack (English Version),7lThyMeq8wY06ZeWrPwNrn,"orchestral soundtrack, german soundtrack, soundtrack"
BGM,08ZHwvxQlZOQIp0aNQZl8h,536,He's a Pirate,Klaus Badelt,Pirates Of The Caribbean Original Soundtrack,4AD2dterIUjNt1LFNI9Bvi,"orchestral soundtrack, german soundtrack, soundtrack"
BGM,08ZHwvxQlZOQIp0aNQZl8h,536,One Last Shot,Klaus Badelt,Pirates Of The Caribbean Original Soundtrack,2rIzNLokTc3vjI8aexEqAN,"orchestral soundtrack, german soundtrack, soundtrack"
BGM,08ZHwvxQlZOQIp0aNQZl8h,536,Drink Up Me Hearties Yo Ho,Hans Zimmer,Pirates Of The Caribbean: At World's End Original Soundtrack,0HewdQ1l9bckQXPfIO3CYH,"orchestral soundtrack, german soundtrack, soundtrack"
BGM,08ZHwvxQlZOQIp0aNQZl8h,536,James Bond Theme (From Dr. No),John Barry Orchestra,Dr. No (original Motion Picture Soundtrack),0bwsyQC5yRJB3IUK2cGQ6b,theme
BGM,08ZHwvxQlZOQIp0aNQZl8h,536,Riverdale -Main Theme,Geek Music,Riverdale -Main Theme,1GI1jL3XPgC2YJW6JcU8sH,theme
BGM,08ZHwvxQlZOQIp0aNQZl8h,536,Second Chance,Blake Neely,The Flash: Original Television Soundtrack: Season 1,3GoUws0EsZdbvGd639R2la,"orchestral soundtrack, soundtrack"
BGM,08ZHwvxQlZOQIp0aNQZl8h,536,Theme From Jurassic Park,John Williams,Jurassic Park,2TZbQZXOuR8osP2AK8yYMN,"orchestral soundtrack, soundtrack"
BGM,08ZHwvxQlZOQIp0aNQZl8h,536,Main Title Terminator 2 Theme - Remastered 2017,Brad Fiedel,Terminator 2: Judgment Day (Remastered 2017),2Q84nSfFAHtFNwZhAKH0Sa,"classic soundtrack, soundtrack"
BGM,08ZHwvxQlZOQIp0aNQZl8h,536,Stranger Things,Kyle Dixon & Michael Stein,"Stranger Things, Vol. 1 (A Netflix Original Series Soundtrack)",0kwuKfWntoGh0EWyYb7Mpf,"soundtrack, horror synth"
BGM,08ZHwvxQlZOQIp0aNQZl8h,536,Test Drive - From How To Train Your Dragon Music From The Motion Picture,John Powell,How To Train Your Dragon (Music From The Motion Picture),2QTDuJIGKUjR7E2Q6KupIh,"orchestral soundtrack, british soundtrack, soundtrack"
BGM,08ZHwvxQlZOQIp0aNQZl8h,536,This Is Berk,John Powell,How To Train Your Dragon (Music From The Motion Picture),1g3Bc80hioYOSitxntNQYi,"orchestral soundtrack, british soundtrack, soundtrack"
BGM,08ZHwvxQlZOQIp0aNQZl8h,536,See You Tomorrow,John Powell,How To Train Your Dragon (Music From The Motion Picture),7D9Jhcu3r5UcVbqwKuZKsV,"orchestral soundtrack, british soundtrack, soundtrack"
BGM,08ZHwvxQlZOQIp0aNQZl8h,536,This Time For Sure,John Powell,How To Train Your Dragon (Music From The Motion Picture),4Xr81LWoKa6nAfOKy8eKB3,"orchestral soundtrack, british soundtrack, soundtrack"
BGM,08ZHwvxQlZOQIp0aNQZl8h,536,Astrid Goes For A Spin,John Powell,How To Train Your Dragon (Music From The Motion Picture),2QvHNNP2qKQn7mzqf5vDH3,"orchestral soundtrack, british soundtrack, soundtrack"
BGM,08ZHwvxQlZOQIp0aNQZl8h,536,Romantic Flight - From How To Train Your Dragon Music From The Motion Picture,John Powell,How To Train Your Dragon (Music From The Motion Picture),51v7yO07BdGgP6hv0OaDe2,"orchestral soundtrack, british soundtrack, soundtrack"
BGM,08ZHwvxQlZOQIp0aNQZl8h,536,Main Title,"John Paesano, Braden Kimball",Daredevil,4t20umh0eSuYstasrSl2HV,"soundtrack, video game music"
BGM,08ZHwvxQlZOQIp0aNQZl8h,536,Jessica Jones Main Title,Sean Callery,Jessica Jones (Original Soundtrack),3CyFYCjPynnKTstb7EY0fT,soundtrack
BGM,08ZHwvxQlZOQIp0aNQZl8h,536,Theme,"Adrian Younge, Ali Shaheed Muhammad",Luke Cage,0ldqqFB8HUQCxuAhGIwlQG,"african-american classical, indie jazz"
BGM,08ZHwvxQlZOQIp0aNQZl8h,536,The Punisher Main Title,Tyler Bates,The Punisher (Original Soundtrack),0rSJtqCSAkhKORRpJlk7pL,"orchestral soundtrack, soundtrack"
BGM,08ZHwvxQlZOQIp0aNQZl8h,536,The Punisher End Title,Tyler Bates,The Punisher (Original Soundtrack),36hulqUctn5aPjE0oOWpYh,"orchestral soundtrack, soundtrack"
BGM,08ZHwvxQlZOQIp0aNQZl8h,536,Circle of Life,"Carmen Twillie, Lebo M.",The Lion King,0HU5JnVaKNTWf6GykV9Zn8,movie tunes
BGM,08ZHwvxQlZOQIp0aNQZl8h,536,Half Remembered Dream,Hans Zimmer,Inception (Music from the Motion Picture),7DU7DNVDZouvJ34tPcPxBj,"orchestral soundtrack, german soundtrack, soundtrack"
BGM,08ZHwvxQlZOQIp0aNQZl8h,536,One Simple Idea,Hans Zimmer,Inception (Music from the Motion Picture),3C12og48CWBrxVV2FK6Dhw,"orchestral soundtrack, german soundtrack, soundtrack"
BGM,08ZHwvxQlZOQIp0aNQZl8h,536,Waiting for a Train,Hans Zimmer,Inception (Music from the Motion Picture),3iR6S8t0mOLUZUAB77KgrP,"orchestral soundtrack, german soundtrack, soundtrack"
BGM,08ZHwvxQlZOQIp0aNQZl8h,536,Never an Absolution,James Horner,Titanic: Original Motion Picture Soundtrack - Collector's Anniversary Edition,1YaJrC7OyN9S7OJRIUhDaU,"orchestral soundtrack, soundtrack"
BGM,08ZHwvxQlZOQIp0aNQZl8h,536,A Life So Changed,James Horner,Titanic: Original Motion Picture Soundtrack - Collector's Anniversary Edition,0TOCTs2yOsYK888X4U2gcq,"orchestral soundtrack, soundtrack"
BGM,08ZHwvxQlZOQIp0aNQZl8h,536,"Unable to Stay, Unwilling to Leave",James Horner,Titanic: Original Motion Picture Soundtrack - Collector's Anniversary Edition,5XYoXtiTjH95q32YpF3pLe,"orchestral soundtrack, soundtrack"
BGM,08ZHwvxQlZOQIp0aNQZl8h,536,An Ocean of Memories,James Horner,Titanic: Original Motion Picture Soundtrack - Collector's Anniversary Edition,7LDO0Vt5EKeF2Kz0ngODRE,"orchestral soundtrack, soundtrack"
BGM,08ZHwvxQlZOQIp0aNQZl8h,536,"An Irish Party in Third Class (includes ""John Ryan's Polka"" and ""Blarney Pilgrim"")",Gaelic Storm,Titanic: Original Motion Picture Soundtrack - Collector's Anniversary Edition,4RmEBGvTPyy9dbDWd0lGJy,"celtic, celtic rock"
BGM,08ZHwvxQlZOQIp0aNQZl8h,536,Totally Fine,Alan Silvestri,Avengers: Endgame (Original Motion Picture Soundtrack),10F9vRZJFsnB8KGesrzAPy,"orchestral soundtrack, soundtrack"
BGM,08ZHwvxQlZOQIp0aNQZl8h,536,The How Works,Alan Silvestri,Avengers: Endgame (Original Motion Picture Soundtrack),6Avh70x5r1yRZsm6EGxv9F,"orchestral soundtrack, soundtrack"
BGM,08ZHwvxQlZOQIp0aNQZl8h,536,One Shot,Alan Silvestri,Avengers: Endgame (Original Motion Picture Soundtrack),1yT8dOE9VJfZFcYuVCEEF8,"orchestral soundtrack, soundtrack"
BGM,08ZHwvxQlZOQIp0aNQZl8h,536,In Plain Sight,Alan Silvestri,Avengers: Endgame (Original Motion Picture Soundtrack),0NSAeaSMYTB3xRI8sG64Gi,"orchestral soundtrack, soundtrack"
BGM,08ZHwvxQlZOQIp0aNQZl8h,536,Whatever It Takes,Alan Silvestri,Avengers: Endgame (Original Motion Picture Soundtrack),35zhVX4ImcOIQOflv5Sg3B,"orchestral soundtrack, soundtrack"
BGM,08ZHwvxQlZOQIp0aNQZl8h,536,Portals,Alan Silvestri,Avengers: Endgame (Original Motion Picture Soundtrack),0OVtnS3l4vThGxkdqCxN6K,"orchestral soundtrack, soundtrack"
BGM,08ZHwvxQlZOQIp0aNQZl8h,536,You Did Good,Alan Silvestri,Avengers: Endgame (Original Motion Picture Soundtrack),34ZpUfJx6XvSvHQUgPbqSq,"orchestral soundtrack, soundtrack"
BGM,08ZHwvxQlZOQIp0aNQZl8h,536,The Real Hero,Alan Silvestri,Avengers: Endgame (Original Motion Picture Soundtrack),3KHrXuByzDnDOaVR15rZH7,"orchestral soundtrack, soundtrack"
BGM,08ZHwvxQlZOQIp0aNQZl8h,536,Harry Potter in 99 Seconds,Jon Cozart,Harry Potter in 99 Seconds,1xstOBjuUyPIzws5tj7eZs,wrock
BGM,08ZHwvxQlZOQIp0aNQZl8h,536,Caribbean Thunderstorm,Mother Nature Sound FX,Thunderstorms,0XhxyzxCoJ15QH3J4HnCfW,"rain, sound effects, sleep, environmental"
BGM,08ZHwvxQlZOQIp0aNQZl8h,536,This Is Me,"Keala Settle, The Greatest Showman Ensemble",The Greatest Showman (Original Motion Picture Soundtrack),45aBsnKRWUzhwbcqOJLwfe,"hollywood, show tunes, movie tunes, broadway"
BGM,08ZHwvxQlZOQIp0aNQZl8h,536,"Let It Go - From ""Frozen""/Soundtrack Version",Idina Menzel,Frozen (Original Motion Picture Soundtrack),600HVBpzF1WfBdaRwbEvLz,"show tunes, hollywood, movie tunes"
BGM,08ZHwvxQlZOQIp0aNQZl8h,536,Chase Walking Nantucket,Roque Baños,In The Heart Of The Sea (Original Motion Picture Soundtrack),6Co5bSdSaytA08Y1oN9tkH,"soundtrack, latin soundtrack"
BGM,08ZHwvxQlZOQIp0aNQZl8h,536,Young Nickerson,Roque Baños,In The Heart Of The Sea (Original Motion Picture Soundtrack),34SdQsnYMYoDrioCLpiIfv,"soundtrack, latin soundtrack"
BGM,08ZHwvxQlZOQIp0aNQZl8h,536,Essex Leaving Harbor,Roque Baños,In The Heart Of The Sea (Original Motion Picture Soundtrack),41gE1Zxj6djt47lt7ebGsz,"soundtrack, latin soundtrack"
BGM,08ZHwvxQlZOQIp0aNQZl8h,536,The Knockdown,Roque Baños,In The Heart Of The Sea (Original Motion Picture Soundtrack),1TPtA5DMR2aPwXXF1X0pk0,"soundtrack, latin soundtrack"
BGM,08ZHwvxQlZOQIp0aNQZl8h,536,Separations,Roque Baños,In The Heart Of The Sea (Original Motion Picture Soundtrack),27XnvmrcVrcu0tq0yNNcvE,"soundtrack, latin soundtrack"
BGM,08ZHwvxQlZOQIp0aNQZl8h,536,Homecoming,Roque Baños,In The Heart Of The Sea (Original Motion Picture Soundtrack),1ccPttEfOiiN4DbguFT3ch,"soundtrack, latin soundtrack"
BGM,08ZHwvxQlZOQIp0aNQZl8h,536,The Story Is Told,Roque Baños,In The Heart Of The Sea (Original Motion Picture Soundtrack),7CQ7C7kjwfJNXj4zS2VGDB,"soundtrack, latin soundtrack"
BGM,08ZHwvxQlZOQIp0aNQZl8h,536,The White Whale Chant,Roque Baños,In The Heart Of The Sea (Original Motion Picture Soundtrack),74HyNj8O7ytIgrdZBeb7mW,"soundtrack, latin soundtrack"
BGM,08ZHwvxQlZOQIp0aNQZl8h,536,Duel of the Fates - Epic Version,Samuel Kim,Star Wars: The Dark Side Collection,5wqFGXrd6gHaDcVMY5DDbd,anime lo-fi
BGM,08ZHwvxQlZOQIp0aNQZl8h,536,Duel of the Fates,"John Williams, London Symphony Orchestra",Star Wars: The Phantom Menace (Original Motion Picture Soundtrack),1ghlpxVfPbFH2jenrv9vVw,"soundtrack, classical, orchestral soundtrack, orchestra, british orchestra"
BGM,08ZHwvxQlZOQIp0aNQZl8h,536,Star Wars and the Revenge of the Sith,"John Williams, London Symphony Orchestra",Star Wars: Revenge of the Sith (Original Motion Picture Soundtrack),2OqMBSytBzTHFXnEmKrmrF,"soundtrack, classical, orchestral soundtrack, orchestra, british orchestra"
BGM,08ZHwvxQlZOQIp0aNQZl8h,536,Anakin's Dream,"John Williams, London Symphony Orchestra",Star Wars: Revenge of the Sith (Original Motion Picture Soundtrack),3BFpYgwm0tCdI2S3LGZwUf,"soundtrack, classical, orchestral soundtrack, orchestra, british orchestra"
BGM,08ZHwvxQlZOQIp0aNQZl8h,536,Battle of the Heroes,"John Williams, London Symphony Orchestra",Star Wars: Revenge of the Sith (Original Motion Picture Soundtrack),1u3nu8fNWFua6mQjw4ReEt,"soundtrack, classical, orchestral soundtrack, orchestra, british orchestra"
BGM,08ZHwvxQlZOQIp0aNQZl8h,536,Anakin's Betrayal,"John Williams, London Symphony Orchestra",Star Wars: Revenge of the Sith (Original Motion Picture Soundtrack),4sLtmtKMmA5iCIa90tWhSe,"soundtrack, classical, orchestral soundtrack, orchestra, british orchestra"
BGM,08ZHwvxQlZOQIp0aNQZl8h,536,General Grievous,"John Williams, London Symphony Orchestra",Star Wars: Revenge of the Sith (Original Motion Picture Soundtrack),2WLufDgJx6QhqPiLWyOsHJ,"soundtrack, classical, orchestral soundtrack, orchestra, british orchestra"
BGM,08ZHwvxQlZOQIp0aNQZl8h,536,Palpatine's Teachings,"John Williams, London Symphony Orchestra",Star Wars: Revenge of the Sith (Original Motion Picture Soundtrack),2xPbLfsLvlgaiS3ncWxgEu,"soundtrack, classical, orchestral soundtrack, orchestra, british orchestra"
BGM,08ZHwvxQlZOQIp0aNQZl8h,536,Grievous and the Droids,"John Williams, London Symphony Orchestra",Star Wars: Revenge of the Sith (Original Motion Picture Soundtrack),6N0cqmiMjeABuxJwf7RZma,"soundtrack, classical, orchestral soundtrack, orchestra, british orchestra"
BGM,08ZHwvxQlZOQIp0aNQZl8h,536,Padmé's Ruminations,"John Williams, London Symphony Orchestra",Star Wars: Revenge of the Sith (Original Motion Picture Soundtrack),1XWaewKXJh2BemQTerZdYI,"soundtrack, classical, orchestral soundtrack, orchestra, british orchestra"
BGM,08ZHwvxQlZOQIp0aNQZl8h,536,Anakin vs. Obi-Wan,"John Williams, London Symphony Orchestra",Star Wars: Revenge of the Sith (Original Motion Picture Soundtrack),3fzL0RuACZtv5cQ6R78Sjq,"soundtrack, classical, orchestral soundtrack, orchestra, british orchestra"
BGM,08ZHwvxQlZOQIp0aNQZl8h,536,Anakin's Dark Deeds,"John Williams, London Symphony Orchestra",Star Wars: Revenge of the Sith (Original Motion Picture Soundtrack),7E7lRhO18SHKnX3wzgp5kN,"soundtrack, classical, orchestral soundtrack, orchestra, british orchestra"
BGM,08ZHwvxQlZOQIp0aNQZl8h,536,Enter Lord Vader,"John Williams, London Symphony Orchestra",Star Wars: Revenge of the Sith (Original Motion Picture Soundtrack),2nhakXS6IKRghj5lxe9pox,"soundtrack, classical, orchestral soundtrack, orchestra, british orchestra"
BGM,08ZHwvxQlZOQIp0aNQZl8h,536,The Immolation Scene,"John Williams, London Symphony Orchestra",Star Wars: Revenge of the Sith (Original Motion Picture Soundtrack),4liOrw7OIc5zCxkFJiK2tJ,"soundtrack, classical, orchestral soundtrack, orchestra, british orchestra"
BGM,08ZHwvxQlZOQIp0aNQZl8h,536,Grievous Speaks to Lord Sidious,"John Williams, London Symphony Orchestra",Star Wars: Revenge of the Sith (Original Motion Picture Soundtrack),00sPWXrRQtyGn9BqoPbMCd,"soundtrack, classical, orchestral soundtrack, orchestra, british orchestra"
BGM,08ZHwvxQlZOQIp0aNQZl8h,536,The Birth of the Twins and Padmé's Destiny,"John Williams, London Symphony Orchestra",Star Wars: Revenge of the Sith (Original Motion Picture Soundtrack),2Tlv01jTgfA79TGMFrJx1O,"soundtrack, classical, orchestral soundtrack, orchestra, british orchestra"
rock n roll bro,6ejyPf7MKPDYPRzeTlqZv0,377,My Songs Know What You Did In The Dark (Light Em Up),Fall Out Boy,Save Rock And Roll,2E43WFS4rRc09za2r2GmZl,"pop, rock, pop punk, modern rock, emo"
rock n roll bro,6ejyPf7MKPDYPRzeTlqZv0,377,The Mighty Fall,"Fall Out Boy, Big Sean",Save Rock And Roll,4rNOFJdwQq0ulVDKOF447L,"pop, detroit hip hop, r&b, pop rap, rock, southern hip hop, hip hop, pop punk, modern rock, rap, emo, trap"
rock n roll bro,6ejyPf7MKPDYPRzeTlqZv0,377,The Phoenix,Fall Out Boy,Save Rock And Roll,7jwDuO7UZvWs77KNj9HbvF,"pop, rock, pop punk, modern rock, emo"
rock n roll bro,6ejyPf7MKPDYPRzeTlqZv0,377,Centuries,Fall Out Boy,American Beauty/American Psycho,04aAxqtGp5pv12UXAg4pkq,"pop, rock, pop punk, modern rock, emo"
rock n roll bro,6ejyPf7MKPDYPRzeTlqZv0,377,Immortals,Fall Out Boy,American Beauty/American Psycho,3Te8uLyit6X3ncNW8Fp3K2,"pop, rock, pop punk, modern rock, emo"
rock n roll bro,6ejyPf7MKPDYPRzeTlqZv0,377,Welcome To The Jungle,Guns N' Roses,Appetite For Destruction,0bVtevEgtDIeRjCJbK3Lmv,"rock, hard rock, glam metal"
rock n roll bro,6ejyPf7MKPDYPRzeTlqZv0,377,Shoot to Thrill,AC/DC,Back In Black,0C80GCp0mMuBzLf3EAXqxv,"australian rock, rock, hard rock"
rock n roll bro,6ejyPf7MKPDYPRzeTlqZv0,377,Highway to Hell,AC/DC,Highway to Hell,2zYzyRzz6pRmhPzyfMEC8s,"australian rock, rock, hard rock"
rock n roll bro,6ejyPf7MKPDYPRzeTlqZv0,377,War Machine,AC/DC,Black Ice,5YnNWHKCJaJKwbagXDb5Uf,"australian rock, rock, hard rock"
rock n roll bro,6ejyPf7MKPDYPRzeTlqZv0,377,Smells Like Teen Spirit,Nirvana,Nevermind (Deluxe Edition),1f3yAtsJtY87CTmM8RLnxf,"permanent wave, grunge, rock"
rock n roll bro,6ejyPf7MKPDYPRzeTlqZv0,377,Paranoid,Black Sabbath,Paranoid (2009 Remastered Version),1jzDzZWeSDBg5fhNc3tczV,"stoner rock, alternative metal, hard rock, rock, uk doom metal, classic rock, birmingham metal, album rock, metal"
rock n roll bro,6ejyPf7MKPDYPRzeTlqZv0,377,Johnny B. Goode,Chuck Berry,Berry Is On Top,2QfiRTz5Yc8DdShCxG1tB2,"rock, rockabilly, soul, blues rock, classic rock, rock-and-roll, blues"
rock n roll bro,6ejyPf7MKPDYPRzeTlqZv0,377,Should I Stay or Should I Go - Remastered,The Clash,Combat Rock (Remastered),39shmbIHICJ2Wxnk1fPSdz,"permanent wave, rock, punk, alternative rock"
rock n roll bro,6ejyPf7MKPDYPRzeTlqZv0,377,Another One Bites The Dust - Remastered 2011,Queen,The Game (2011 Remaster),5vdp5UmvTsnMEMESIF2Ym7,"glam rock, classic rock, rock"
rock n roll bro,6ejyPf7MKPDYPRzeTlqZv0,377,Smoke On The Water - Remastered 2012,Deep Purple,Machine Head (Remastered),5MMnwYs0hIxkENRsbkWJ2G,"hard rock, rock, classic rock, album rock, metal"
rock n roll bro,6ejyPf7MKPDYPRzeTlqZv0,377,We Will Rock You - Remastered 2011,Queen,News Of The World (2011 Remaster),4pbJqGIASGPr0ZpGpnWkDn,"glam rock, classic rock, rock"
rock n roll bro,6ejyPf7MKPDYPRzeTlqZv0,377,Enter Sandman,Metallica,Metallica,5sICkBXVmaCQk5aISGR3x1,"hard rock, thrash metal, rock, old school thrash, metal"
rock n roll bro,6ejyPf7MKPDYPRzeTlqZv0,377,Bad To The Bone,George Thorogood & The Destroyers,BAD TO THE BONE,6s0NHplywwr1IjnQpUpWJk,"heartland rock, hard rock, rock, country rock, blues rock, classic rock, album rock, mellow gold"
rock n roll bro,6ejyPf7MKPDYPRzeTlqZv0,377,Purple Haze,Jimi Hendrix,Are You Experienced,0wJoRiX5K5BxlqZTolB2LD,"acid rock, hard rock, rock, proto-metal, classic rock, psychedelic rock, album rock, alternative rock"
rock n roll bro,6ejyPf7MKPDYPRzeTlqZv0,377,Walk This Way,Aerosmith,Toys In The Attic,5SZ6zX4rOrEQferfFC2MfP,"classic rock, rock, album rock, hard rock"
rock n roll bro,6ejyPf7MKPDYPRzeTlqZv0,377,Come As You Are,Nirvana,Nevermind (Deluxe Edition),0MKGH8UMfCnq5w7nG06oM5,"permanent wave, grunge, rock"
rock n roll bro,6ejyPf7MKPDYPRzeTlqZv0,377,Lithium,Nirvana,Nevermind (Deluxe Edition),26D1PRJjD9Jj1JGRk88KVc,"permanent wave, grunge, rock"
rock n roll bro,6ejyPf7MKPDYPRzeTlqZv0,377,Polly,Nirvana,Nevermind (Deluxe Edition),5OA6V14rCVeSplYvf8T18L,"permanent wave, grunge, rock"
rock n roll bro,6ejyPf7MKPDYPRzeTlqZv0,377,Stay Away,Nirvana,Nevermind (Deluxe Edition),4rp0jQx7m4aC9YwbgkUL2K,"permanent wave, grunge, rock"
rock n roll bro,6ejyPf7MKPDYPRzeTlqZv0,377,Nomad,Jeremy Renner,Nomad,4BvkxZlYpBSYrVgGN2kR0q,hollywood
rock n roll bro,6ejyPf7MKPDYPRzeTlqZv0,377,Fire,Barns Courtney,The Attractions Of Youth,5w6B0sAH7XauCvMOAtplQj,modern alternative rock
rock n roll bro,6ejyPf7MKPDYPRzeTlqZv0,377,Thnks fr th Mmrs,Fall Out Boy,Infinity On High,3Zwu2K0Qa5sT6teCCHPShP,"pop, rock, pop punk, modern rock, emo"
rock n roll bro,6ejyPf7MKPDYPRzeTlqZv0,377,Let's Kill Tonight,Panic! At The Disco,Vices & Virtues,14uvyd51Ha7FihKHlOtUig,"pop, modern rock"
rock n roll bro,6ejyPf7MKPDYPRzeTlqZv0,377,New Religion,Black Veil Brides,Set The World On Fire,2XkxPPmq2tqIhyXXTOmKi5,"pop punk, alternative metal"
rock n roll bro,6ejyPf7MKPDYPRzeTlqZv0,377,Set The World On Fire,Black Veil Brides,Set The World On Fire,5MyF6rE2YPIoet2DG1R6tl,"pop punk, alternative metal"
rock n roll bro,6ejyPf7MKPDYPRzeTlqZv0,377,Heaven Don't Have a Name,Jeremy Renner,Heaven Don't Have a Name,7o16vFLr1pjSWLnEnFgeSe,hollywood
rock n roll bro,6ejyPf7MKPDYPRzeTlqZv0,377,The Ballad of Mona Lisa,Panic! At The Disco,Vices & Virtues,5rLi8B8qgk6qThwRnKHW2P,"pop, modern rock"
rock n roll bro,6ejyPf7MKPDYPRzeTlqZv0,377,The Medicine,Jeremy Renner,The Medicine,4hDI2Ay8JIq5nCyhw1ac9R,hollywood
rock n roll bro,6ejyPf7MKPDYPRzeTlqZv0,377,Never Sorry,Jeremy Renner,The Medicine,3qrCdUM4WLsNHNDemxJeXM,hollywood
rock n roll bro,6ejyPf7MKPDYPRzeTlqZv0,377,Ghosts and Roses,Jeremy Renner,The Medicine,29GhU3So3ryROY4NAfqeLe,hollywood
rock n roll bro,6ejyPf7MKPDYPRzeTlqZv0,377,Main Attraction,Jeremy Renner,The Medicine,1nK2qKNqGBlRw25BNy72e5,hollywood
rock n roll bro,6ejyPf7MKPDYPRzeTlqZv0,377,Something In The Way,Nirvana,Nevermind (Deluxe Edition),16LgXyNShQbrqBRF4TT1Sr,"permanent wave, grunge, rock"
rock n roll bro,6ejyPf7MKPDYPRzeTlqZv0,377,Do the Hippogriff,"Jason Buckle, Steve Claydon, Jarvis Cocker, Jonny Greenwood, Steve Mackey, Philip Selway",Harry Potter And The Goblet Of Fire (Original Motion Picture Soundtrack),2wgSK8vTwn9VEqZOzMZqRN,"sheffield indie, oxford indie, british soundtrack, britpop, compositional ambient, british alternative rock, solo wave, british contemporary classical"
rock n roll bro,6ejyPf7MKPDYPRzeTlqZv0,377,This Is War,Ben Kweller,Ben Kweller,6hkxFI2HOG34ybkEFc3miq,"pop rock, dallas indie"
rock n roll bro,6ejyPf7MKPDYPRzeTlqZv0,377,Creep,Radiohead,Pablo Honey (Collector's Edition),3HfB5hBU0dmBt8T0iCmH42,"art rock, oxford indie, rock, melancholia, alternative rock, permanent wave"
rock n roll bro,6ejyPf7MKPDYPRzeTlqZv0,377,"Paint It, Black",The Rolling Stones,Aftermath,63T7DJ1AFDD6Bn8VzG6JE8,"classic rock, british invasion, rock, album rock"
rock n roll bro,6ejyPf7MKPDYPRzeTlqZv0,377,Live for Now,Jeremy Renner,Live for Now,0rkrlX9mf13kJBRm9rEzrH,hollywood
rock n roll bro,6ejyPf7MKPDYPRzeTlqZv0,377,Love Is a War,Jeremy Renner,Live for Now,3bR15E9fcHCgg9O9EdX4Dn,hollywood
rock n roll bro,6ejyPf7MKPDYPRzeTlqZv0,377,She's a Fire,"Jeremy Renner, Eric Zayne",Live for Now,0j4D5mWAKmF2dUjDfsZaro,hollywood
rock n roll bro,6ejyPf7MKPDYPRzeTlqZv0,377,Just My Type,Jeremy Renner,Live for Now,4SIfCnQyJ1zx5aeH2bP5Ut,hollywood
rock n roll bro,6ejyPf7MKPDYPRzeTlqZv0,377,Sippy Cup,Jeremy Renner,Live for Now,5u7oSKMUjrULQkqWE56Wts,hollywood
rock n roll bro,6ejyPf7MKPDYPRzeTlqZv0,377,The One,Jeremy Renner,Live for Now,2I3ejRtZMyjN6PaUZs6old,hollywood
rock n roll bro,6ejyPf7MKPDYPRzeTlqZv0,377,Stereo Love,Jeremy Renner,Live for Now,1sojLxziscS61FNyoSBlWN,hollywood
rock n roll bro,6ejyPf7MKPDYPRzeTlqZv0,377,Every Woman,Jeremy Renner,The Medicine,3I1vYVHDREErUEvksviBS7,hollywood
rock n roll bro,6ejyPf7MKPDYPRzeTlqZv0,377,Best Part of Me,Jeremy Renner,The Medicine,0ibgrtCp67tAVr55vAscwA,hollywood
rock n roll bro,6ejyPf7MKPDYPRzeTlqZv0,377,December Days,Jeremy Renner,The Medicine,1kSBOvGtSqMra11aSZJEPl,hollywood
rock n roll bro,6ejyPf7MKPDYPRzeTlqZv0,377,Sign,"Jeremy Renner, Eric Zayne",Sign,5r76Mws7RXZ7Je23sE9Zug,hollywood
rock n roll bro,6ejyPf7MKPDYPRzeTlqZv0,377,House of the Rising Sun,Jeremy Renner,House of the Rising Sun,1CN9Jwd9sML6hqTXsOuKIN,hollywood
rock n roll bro,6ejyPf7MKPDYPRzeTlqZv0,377,Rock 'N' Roll Damnation,AC/DC,Iron Man 2,1Ru1scJuR193OlnCnVvYjM,"australian rock, rock, hard rock"
rock n roll bro,6ejyPf7MKPDYPRzeTlqZv0,377,Hotel California - 2013 Remaster,Eagles,Hotel California (2013 Remaster),40riOy7x9W7GXjyGp4pjAv,"soft rock, heartland rock, rock, classic rock, album rock, yacht rock, mellow gold"
rock n roll bro,6ejyPf7MKPDYPRzeTlqZv0,377,Black Eyes,Bradley Cooper,A Star Is Born Soundtrack,4HUqrGAZ5f0gHRor7z9BFc,hollywood
rock n roll bro,6ejyPf7MKPDYPRzeTlqZv0,377,Sweet Dreams (Are Made of This) - Remastered,"Eurythmics, Annie Lennox, Dave Stewart",Sweet Dreams (Are Made Of This),1TfqLAPs4K3s2rJMoCokcS,"soft rock, synthpop, dance rock, new wave, new romantic, new wave pop, rock keyboard, sophisti-pop, singer-songwriter"
rock n roll bro,6ejyPf7MKPDYPRzeTlqZv0,377,Astronaut In The Ocean,Our Last Night,Astronaut In The Ocean,2qjH6wZfR0g11ZiT7KqyRO,american metalcore
rock n roll bro,6ejyPf7MKPDYPRzeTlqZv0,377,Seven Nation Army,The White Stripes,Elephant,47wPvRG8FEwbZP22UBgTQr,"garage rock, detroit rock, punk blues, rock, blues rock, permanent wave, alternative rock, modern blues rock"
rock n roll bro,6ejyPf7MKPDYPRzeTlqZv0,377,Smells Like Teen Spirit,Malia J,Smells Like Teen Spirit,1gnSosKDAUGYPTkTLiG5DW,
rock n roll bro,6ejyPf7MKPDYPRzeTlqZv0,377,Na Na Na (Na Na Na Na Na Na Na Na Na),My Chemical Romance,Danger Days: The True Lives of the Fabulous Killjoys,5BB0Jzw60KyfSTyjJqtely,"rock, pov: indie, pop punk, modern rock, emo"
rock n roll bro,6ejyPf7MKPDYPRzeTlqZv0,377,The Chain - 2004 Remaster,Fleetwood Mac,Rumours (Super Deluxe),5e9TFTbltYBg2xThimr0rU,"soft rock, rock, classic rock, album rock, yacht rock"
rock n roll bro,6ejyPf7MKPDYPRzeTlqZv0,377,MIDDLE OF THE NIGHT,Loveless,MIDDLE OF THE NIGHT,1Gwu3d6lZjL99kw4dcFCsq,pop punk
rock n roll bro,6ejyPf7MKPDYPRzeTlqZv0,377,The Man Who Sold The World - Live,Nirvana,MTV Unplugged In New York,15VRO9CQwMpbqUYA7e6Hwg,"permanent wave, grunge, rock"
rock n roll bro,6ejyPf7MKPDYPRzeTlqZv0,377,Breed,Nirvana,Nevermind (Deluxe Edition),6kA9cOS2QpUpeGJHGxSXe1,"permanent wave, grunge, rock"
rock n roll bro,6ejyPf7MKPDYPRzeTlqZv0,377,Miss Jackson (feat. LOLO),"Panic! At The Disco, LOLO","Too Weird to Live, Too Rare to Die!",46Kcradxrva9Dny4lHU1b3,"pop, modern rock"
rock n roll bro,6ejyPf7MKPDYPRzeTlqZv0,377,The Immigrant Song - Alternate Mix,Led Zeppelin,Led Zeppelin III (Deluxe Edition),1HNJU5jqp2LlIHqsdrjVUo,"classic rock, rock, album rock, hard rock"
rock n roll bro,6ejyPf7MKPDYPRzeTlqZv0,377,Mr. Brightside,The Killers,Hot Fuss (International Version Ecopac),4L3sku3mPh6uWGNA63VCgu,"dance rock, rock, modern rock, alternative rock, permanent wave"
rock n roll bro,6ejyPf7MKPDYPRzeTlqZv0,377,American Idiot,Green Day,American Idiot,6nTiIhLmQ3FWhvrGafw2zj,"permanent wave, punk, rock, modern rock"
rock n roll bro,6ejyPf7MKPDYPRzeTlqZv0,377,Cherry Bomb,The Runaways,The Runaways - The Mercury Albums Anthology,0mpPDlOODLemmTf4mBEHqE,"protopunk, early us punk, riot grrrl"
rock n roll bro,6ejyPf7MKPDYPRzeTlqZv0,377,Closer,Nine Inch Nails,The Downward Spiral (Deluxe Edition),5mc6EyF1OIEOhAkD0Gg9Lc,"industrial metal, alternative metal, nu metal, rock, industrial rock, electronic rock, alternative rock, industrial, grunge, post-grunge, cyberpunk"
rock n roll bro,6ejyPf7MKPDYPRzeTlqZv0,377,Master Of Puppets,Metallica,Master Of Puppets (Remastered),2MuWTIM3b0YEAskbeeFE1i,"hard rock, thrash metal, rock, old school thrash, metal"
rock n roll bro,6ejyPf7MKPDYPRzeTlqZv0,377,Children of the Grave,Black Sabbath,Master of Reality (2009 Remastered Version),3ZuVfQriS93y6ofwbIf7lp,"stoner rock, alternative metal, hard rock, rock, uk doom metal, classic rock, birmingham metal, album rock, metal"
rock n roll bro,6ejyPf7MKPDYPRzeTlqZv0,377,"This Ain't A Scene, It's An Arms Race",Fall Out Boy,Infinity On High,1oagRT7LfpVlNJN6FSZDGp,"pop, rock, pop punk, modern rock, emo"
rock n roll bro,6ejyPf7MKPDYPRzeTlqZv0,377,Bob Dylan,Fall Out Boy,Believers Never Die (Volume Two),3liDoBAc3NGI8tmWUTOAed,"pop, rock, pop punk, modern rock, emo"
rock n roll bro,6ejyPf7MKPDYPRzeTlqZv0,377,About A Girl,Nirvana,Nirvana,55yvzYuvJYG2RUEnMK78tr,"permanent wave, grunge, rock"
rock n roll bro,6ejyPf7MKPDYPRzeTlqZv0,377,MIDDLE OF THE NIGHT,Our Last Night,MIDDLE OF THE NIGHT,5MDv9EAucvoUKtCCyaCFHD,american metalcore
rock n roll bro,6ejyPf7MKPDYPRzeTlqZv0,377,Radioactive - Rock,Our Last Night,Radioactive (Rock),3vn8azZ94r5Pn6wNmgtD3E,american metalcore
rock n roll bro,6ejyPf7MKPDYPRzeTlqZv0,377,good 4 u,Our Last Night,good 4 u,1fEEoqniY1XmV8hfnxtAD0,american metalcore
rock n roll bro,6ejyPf7MKPDYPRzeTlqZv0,377,abcdefu,Our Last Night,abcdefu,6EWepM3ld6UUzS2heUGNtg,american metalcore
rock n roll bro,6ejyPf7MKPDYPRzeTlqZv0,377,The Hand That Feeds,Nine Inch Nails,With Teeth (Bonus Tracks),4L5r9XNiWJ7cbqcIiNvVes,"industrial metal, alternative metal, nu metal, rock, industrial rock, electronic rock, alternative rock, industrial, grunge, post-grunge, cyberpunk"
rock n roll bro,6ejyPf7MKPDYPRzeTlqZv0,377,Hurt,Johnny Cash,American IV: The Man Comes Around,28cnXtME493VX9NOw9cIUh,"outlaw country, rock, arkansas country"
rock n roll bro,6ejyPf7MKPDYPRzeTlqZv0,377,Radioactive,Imagine Dragons,Night Visions,62yJjFtgkhUrXktIoSjgP2,"pop, rock, modern rock"
rock n roll bro,6ejyPf7MKPDYPRzeTlqZv0,377,Radioactive,"Imagine Dragons, Kendrick Lamar",Radioactive,69yfbpvmkIaB10msnKT7Q5,"pop, conscious hip hop, rock, hip hop, modern rock, rap, west coast rap"
rock n roll bro,6ejyPf7MKPDYPRzeTlqZv0,377,Where Did The Party Go,Fall Out Boy,Save Rock And Roll,3Q7jFW6nxqhwbUctqqthSa,"pop, rock, pop punk, modern rock, emo"
rock n roll bro,6ejyPf7MKPDYPRzeTlqZv0,377,Just One Yesterday,"Fall Out Boy, Foxes",Save Rock And Roll,5OMCffelD9cnJCgG3xnHzU,"pop, metropopolis, electropop, rock, uk pop, pop punk, modern rock, emo"
rock n roll bro,6ejyPf7MKPDYPRzeTlqZv0,377,Miss Missing You,Fall Out Boy,Save Rock And Roll,4pXqUELqAFyjlU2vx3BHRR,"pop, rock, pop punk, modern rock, emo"
rock n roll bro,6ejyPf7MKPDYPRzeTlqZv0,377,Death Valley,Fall Out Boy,Save Rock And Roll,339ClrzKvO3L5GHld8RFBO,"pop, rock, pop punk, modern rock, emo"
rock n roll bro,6ejyPf7MKPDYPRzeTlqZv0,377,Young Volcanoes,Fall Out Boy,Save Rock And Roll,4yXNMbZrsFJbPTH0WfhwEB,"pop, rock, pop punk, modern rock, emo"
rock n roll bro,6ejyPf7MKPDYPRzeTlqZv0,377,Rat A Tat,"Fall Out Boy, Courtney Love",Save Rock And Roll,4msiwW31mowpBoEU9htPDU,"pop, rock, pop punk, modern rock, alternative rock, emo"
rock n roll bro,6ejyPf7MKPDYPRzeTlqZv0,377,Save Rock And Roll,"Fall Out Boy, Elton John",Save Rock And Roll,6SFTYQSczxhBNKR5bYjGMD,"pop, rock, pop punk, modern rock, glam rock, emo, piano rock, mellow gold"
rock n roll bro,6ejyPf7MKPDYPRzeTlqZv0,377,Sweet Child O' Mine,Guns N' Roses,Appetite For Destruction,7o2CTH4ctstm8TNelqjb51,"rock, hard rock, glam metal"
rock n roll bro,6ejyPf7MKPDYPRzeTlqZv0,377,I Was A Teenage Werewolf,The Cramps,"Stranger Things: Soundtrack from the Netflix Series, Season 4",43StRaT5CenByVyJWFdGp3,"garage rock, post-punk, gothabilly, punk, psychobilly"
rock n roll bro,6ejyPf7MKPDYPRzeTlqZv0,377,Rock And Roll All Nite,KISS,Dressed To Kill,6KTv0Z8BmVqM7DPxbGzpVC,"glam rock, rock, hard rock"
rock n roll bro,6ejyPf7MKPDYPRzeTlqZv0,377,Heaven and Hell - 2009 Remaster,Black Sabbath,Heaven & Hell,3HzWxmvpQU3QHQ59zw1X4V,"stoner rock, alternative metal, hard rock, rock, uk doom metal, classic rock, birmingham metal, album rock, metal"
rock n roll bro,6ejyPf7MKPDYPRzeTlqZv0,377,Alone Together,Fall Out Boy,Save Rock And Roll,5MsZIaCYY6Tsdph0LiB0hE,"pop, rock, pop punk, modern rock, emo"
rock n roll bro,6ejyPf7MKPDYPRzeTlqZv0,377,Light Switch,Rain Paris,Light Switch,5Lh7DFcEwboYBefjnDVGz5,
rock n roll bro,6ejyPf7MKPDYPRzeTlqZv0,377,Killer Queen - Remastered 2011,Queen,Sheer Heart Attack (Deluxe Edition 2011 Remaster),4cIPLtg1avt2Jm3ne9S1zy,"glam rock, classic rock, rock"
rock n roll bro,6ejyPf7MKPDYPRzeTlqZv0,377,Can You Feel My Heart,Bring Me The Horizon,Sempiternal (Expanded Edition),0WSa1sucoNRcEeULlZVQXj,"uk metalcore, melodic metalcore, rock, modern rock, metalcore"
rock n roll bro,6ejyPf7MKPDYPRzeTlqZv0,377,Hurt,Nine Inch Nails,The Downward Spiral,27tX58NOpv1YKQ0abW7EPy,"industrial metal, alternative metal, nu metal, rock, industrial rock, electronic rock, alternative rock, industrial, grunge, post-grunge, cyberpunk"
desi,5eoU7bzHv8IjYYeefSNSMq,331,Kal Ho Naa Ho,"Shankar-Ehsaan-Loy, Sonu Nigam",Kal Ho Naa Ho (Original Motion Picture Soundtrack),251PNRmJU9KcUnFQAB5t6I,"filmi, modern bollywood"
desi,5eoU7bzHv8IjYYeefSNSMq,331,"Yeh Bandhan Toh (From ""Karan Arjun"")","Kumar Sanu, Udit Narayan, Alka Yagnik & Arvind Hasabnish",Karan Arjun (Original Motion Picture Soundtrack),3vEBCYwE8B1kGoNeFjFksM,"filmi, chutney, modern bollywood, odia pop"
desi,5eoU7bzHv8IjYYeefSNSMq,331,Main To Hoon Pagal,"Abhijeet, Shah Rukh Khan",Baadshah (Original Motion Picture Soundtrack),1WLsb0EkSN2X6wBv5vr4ps,"filmi, modern bollywood"
desi,5eoU7bzHv8IjYYeefSNSMq,331,"Radha (From ""Jab Harry Met Sejal"")","Pritam, Shahid Mallya, Sunidhi Chauhan","Radha (From ""Jab Harry Met Sejal"")",7ztCi9k76A4QmSqWEutFyV,"filmi, indian instrumental, modern bollywood"
desi,5eoU7bzHv8IjYYeefSNSMq,331,"Jee Ve Sohaneya (From ""Jab Harry Met Sejal"")","Pritam, Nooran Sisters",Jee Ve Sohaneya,5IQjwYsK9blCXDfaKi5MYq,"filmi, indian instrumental, indian folk, modern bollywood"
desi,5eoU7bzHv8IjYYeefSNSMq,331,"Hawayein (From ""Jab Harry Met Sejal"")","Pritam, Arijit Singh","Hawayein (From ""Jab Harry Met Sejal"")",6871FKHumiy1Wfr6vF7Xxt,"filmi, indian instrumental, modern bollywood"
desi,5eoU7bzHv8IjYYeefSNSMq,331,Janam Janam,"Pritam, Arijit Singh, Antara Mitra",Dilwale (Original Motion Picture Soundtrack),4km0RUkMMFdx8iDuq36o2w,"filmi, indian instrumental, modern bollywood"
desi,5eoU7bzHv8IjYYeefSNSMq,331,Safar,"Pritam, Arijit Singh",Jab Harry Met Sejal (Original Motion Picture Soundtrack),3BpaZLc6j9cBUsvnh5kinR,"filmi, indian instrumental, modern bollywood"
desi,5eoU7bzHv8IjYYeefSNSMq,331,Parinda,"Pritam, Pardeep Sran",Jab Harry Met Sejal (Original Motion Picture Soundtrack),0SYnsrjdztOywMMqA4vVa9,"filmi, indian instrumental, modern bollywood"
desi,5eoU7bzHv8IjYYeefSNSMq,331,Maahi Ve,"Shankar-Ehsaan-Loy, Sadhana Sargam, Sujata Bhattacharya, Udit Narayan, Sonu Nigam",Kal Ho Naa Ho (Original Motion Picture Soundtrack),7Czm0vv2sYL5z4P51KY66e,"chutney, hare krishna, filmi, modern bollywood, odia pop, classic bollywood"
desi,5eoU7bzHv8IjYYeefSNSMq,331,Pretty Woman,"Shankar-Ehsaan-Loy, Shankar Mahadevan, Ravi ""Rags"" Khote",Kal Ho Naa Ho (Original Motion Picture Soundtrack),3rsx3pDYM3a08O0Yu3Tq6V,"filmi, modern bollywood"
desi,5eoU7bzHv8IjYYeefSNSMq,331,Tukur Tukur,"Pritam, Arijit Singh, Neha Kakkar, Kanika Kapoor, Siddharth Mahadevan, Nakash Aziz",Dilwale (Original Motion Picture Soundtrack),5swv4r5dYNHhsL54jGqmn8,"filmi, indian instrumental, tollywood, modern bollywood"
desi,5eoU7bzHv8IjYYeefSNSMq,331,Ajab Si,KK,Om Shanti Om,5FXMRdJjKq1BIX4e8Eg9mK,"filmi, modern bollywood"
desi,5eoU7bzHv8IjYYeefSNSMq,331,Dard - E - Disco,"Sukhwinder Singh, Marianne, Nisha, Caralisa Monteiro",Om Shanti Om,2GTasAZimpxzNgE7aXFifI,"filmi, taraneem, modern bollywood"
desi,5eoU7bzHv8IjYYeefSNSMq,331,Deewangi Deewangi,"Shaan, Udit Narayan, Shreya Ghoshal, Sunidhi Chauhan, Rahul Saxena",Om Shanti Om,7emLx4rVwr0tPyjktu7A7U,"filmi, chutney, modern bollywood, odia pop"
desi,5eoU7bzHv8IjYYeefSNSMq,331,Main Agar Kahoon,"Sonu Nigam, Shreya Ghoshal",Om Shanti Om,0iXLwnLmLwn9y54JtBTNxY,"filmi, modern bollywood"
desi,5eoU7bzHv8IjYYeefSNSMq,331,Jag Soona Soona Lage,"Rahat Fateh Ali Khan, Richa Sharma",Om Shanti Om,2sVzO3L0fdOMVe8wVlM0IE,"modern bollywood, filmi, sufi, classic pakistani pop, qawwali"
desi,5eoU7bzHv8IjYYeefSNSMq,331,Dhoom Taana,"Shreya Ghoshal, Abhijeet",Om Shanti Om,4eKWtXoGajnaGKvKAcgc8f,"filmi, modern bollywood"
desi,5eoU7bzHv8IjYYeefSNSMq,331,Dastaan - E - Om Shanti Om,Shaan,Om Shanti Om,4IPzzBnFrGrlijBWY0JDYB,"filmi, modern bollywood"
desi,5eoU7bzHv8IjYYeefSNSMq,331,Tujh Mein Rab Dikhta Hai,"Salim–Sulaiman, Roop Kumar Rathod, Jaideep Sahni",Rab Ne Bana Di Jodi,2LcXJP95e4HKydTZ2mYfrx,"filmi, sufi, indian folk, modern bollywood"
desi,5eoU7bzHv8IjYYeefSNSMq,331,Obsessed,"Riar Saab, Abhijay Sharma",Obsessed,6Z4rRhYZVQsYKmrxD40tru,"punjabi pop, desi pop"
desi,5eoU7bzHv8IjYYeefSNSMq,331,Tere Naina,"Shankar-Ehsaan-Loy, Shafqat Amanat Ali",My Name Is Khan (Original Motion Picture Soundtrack),3hoXhwP0ub9LdSJV4olDIc,"filmi, sufi, classic pakistani pop, modern bollywood"
desi,5eoU7bzHv8IjYYeefSNSMq,331,Sajdaa,"Shankar-Ehsaan-Loy, Rahat Fateh Ali Khan, Shankar Mahadevan, Richa Sharma",My Name Is Khan (Original Motion Picture Soundtrack),395gJWcJQK0C3GJfHAn7f6,"filmi, modern bollywood, sufi, qawwali, classic pakistani pop"
desi,5eoU7bzHv8IjYYeefSNSMq,331,Noor E Khuda,"Shankar-Ehsaan-Loy, Adnan Sami, Shankar Mahadevan, Shreya Ghoshal",My Name Is Khan (Original Motion Picture Soundtrack),55fSZWdcvMPJga3LbiV8jN,"filmi, classic pakistani pop, modern bollywood"
desi,5eoU7bzHv8IjYYeefSNSMq,331,Ranjha - Sid X Kiara Version,"Jasleen Royal, Prerna Arora, Ashwani Basoya",Ranjha (Sid X Kiara Version),1nvvaiJbrhCkM3Az74N1pM,"filmi, indian singer-songwriter, desi pop, modern bollywood"
desi,5eoU7bzHv8IjYYeefSNSMq,331,"Gerua (From ""Dilwale"")","Pritam, Arijit Singh, Antara Mitra",Dilwale (Original Motion Picture Soundtrack),7iLA6PQeQWRjLDHOJgGpj5,"filmi, indian instrumental, modern bollywood"
desi,5eoU7bzHv8IjYYeefSNSMq,331,Samjhawan,"Jawad Ahmad, Shaarib Toshi, Arijit Singh, Shreya Ghoshal",Humpty Sharma Ki Dulhania (Original Motion Picture Soundtrack),4LO5DjN6Tp3UkUvgESuy2t,"classic pakistani pop, filmi, modern bollywood"
desi,5eoU7bzHv8IjYYeefSNSMq,331,Manwa Laage,"Shreya Ghoshal, Arijit Singh",Happy New Year,3H43T5swYywvcdCBFiDgW6,"filmi, modern bollywood"
desi,5eoU7bzHv8IjYYeefSNSMq,331,Haule Haule,"Salim–Sulaiman, Sukhwinder Singh, Jaideep Sahni",Rab Ne Bana Di Jodi,2UKK9UEbKlykbmLVP1zWIQ,"filmi, indian folk, modern bollywood"
desi,5eoU7bzHv8IjYYeefSNSMq,331,Humsafar,"Akhil Sachdeva, Mansheel Gujral",Badrinath Ki Dulhania,6TFESXMfJJWwccviaxGAMa,"filmi, desi pop, modern bollywood"
desi,5eoU7bzHv8IjYYeefSNSMq,331,Ranjha,"Jasleen Royal, B Praak, Romy, Anvita Dutt",Shershaah (Original Motion Picture Soundtrack),0v77QqHiZUvfJkCk2rGRqw,"indian singer-songwriter, filmi, modern bollywood, punjabi pop, desi pop"
desi,5eoU7bzHv8IjYYeefSNSMq,331,Muskurane - Romantic,"Jeet Gannguli, Arijit Singh",Citylights (Original Motion Picture Soundtrack),6fW78cd0p3ZDUzoqvx2Xqe,"filmi, west bengali pop, modern bollywood"
desi,5eoU7bzHv8IjYYeefSNSMq,331,Bekhayali (Arijit Singh Version),Arijit Singh,Kabir Singh,47Il9B5GJ2FEkiwiIH3xX0,"filmi, modern bollywood"
desi,5eoU7bzHv8IjYYeefSNSMq,331,Sunn Raha Hai (Female Version),Shreya Ghoshal,Aashiqui 2,2kRzgmBlmhvFvCEgMHltWz,"filmi, modern bollywood"
desi,5eoU7bzHv8IjYYeefSNSMq,331,Channa Mereya,"Pritam, Arijit Singh",Ae Dil Hai Mushkil (Original Motion Picture Soundtrack) [Deluxe Edition],0H2iJVgorRR0ZFgRqGUjUM,"filmi, indian instrumental, modern bollywood"
desi,5eoU7bzHv8IjYYeefSNSMq,331,Ae Dil Hai Mushkil Title Track,"Pritam, Arijit Singh",Ae Dil Hai Mushkil (Original Motion Picture Soundtrack) [Deluxe Edition],1UWacd8x8tPPwmrPB1MoBI,"filmi, indian instrumental, modern bollywood"
desi,5eoU7bzHv8IjYYeefSNSMq,331,Bulleya,"Pritam, Amit Mishra, Shilpa Rao",Ae Dil Hai Mushkil (Original Motion Picture Soundtrack) [Deluxe Edition],0Bz7dfqPY4JOGZO3O1j8Wh,"filmi, indian instrumental, modern bollywood"
desi,5eoU7bzHv8IjYYeefSNSMq,331,"Banjaara (From ""Ek Villain"")",Mohammed Irfan,Best Of Shraddha Kapoor,2S6N9pbnkhQRyAx80HmF79,"filmi, modern bollywood"
desi,5eoU7bzHv8IjYYeefSNSMq,331,Khairiyat,"Pritam, Arijit Singh",Chhichhore,5O932cZmzOZGOGZz9RHx20,"filmi, indian instrumental, modern bollywood"
desi,5eoU7bzHv8IjYYeefSNSMq,331,Meri Aashiqui,"Palak Muchhal, Arijit Singh",Aashiqui 2,3E9ryvrKP3hUWX79PAakH2,"filmi, modern bollywood"
desi,5eoU7bzHv8IjYYeefSNSMq,331,Daayre,"Pritam, Arijit Singh",Dilwale (Original Motion Picture Soundtrack),0OQzbOu5JGo2LgtwJI04zO,"filmi, indian instrumental, modern bollywood"
desi,5eoU7bzHv8IjYYeefSNSMq,331,"Khalifa (From ""Lekar Hum Deewana Dil"")",A.R. Rahman,"Khalifa (From ""Lekar Hum Deewana Dil"")",6KntgDrtr3MzyCtoIJDKc0,filmi
desi,5eoU7bzHv8IjYYeefSNSMq,331,Nashe Si Chadh Gayi,"Vishal-Shekhar, Arijit Singh, Caralisa Monteiro, Jaideep Sahni",Befikre,0biCSADTAblvLTLtJz4pXO,"filmi, modern bollywood"
desi,5eoU7bzHv8IjYYeefSNSMq,331,Je T'aime,"Vishal-Shekhar, Vishal Dadlani, Sunidhi Chauhan, Jaideep Sahni",Befikre,52hTNCMZSb80PePjObPGP2,"filmi, modern bollywood"
desi,5eoU7bzHv8IjYYeefSNSMq,331,Ude Dil Befikre,"Vishal-Shekhar, Benny Dayal, Jaideep Sahni",Befikre,0hgTkEDY9oIG5DPKN39KHP,"filmi, modern bollywood"
desi,5eoU7bzHv8IjYYeefSNSMq,331,You And Me,"Vishal-Shekhar, Nikhil D'Souza, Rachel Varghese, Jaideep Sahni",Befikre,1cOIsMUzpdtRgZFzgfpdDA,"filmi, indian indie, desi pop, modern bollywood"
desi,5eoU7bzHv8IjYYeefSNSMq,331,Dil Dhadakne Do,"Joi Barua, Suraj Jagan",Zindagi Na Milegi Dobara,46elU7IBKWf55D5sjHGqO7,"filmi, modern bollywood, northeast indian indie"
desi,5eoU7bzHv8IjYYeefSNSMq,331,Senorita,"Farhan Akhtar, Hrithik Roshan, Abhay Deol, Maria Del Mar Fernandez",Zindagi Na Milegi Dobara,3TAhWtQnpoL5Vl9VQPl9fU,"filmi, modern bollywood"
desi,5eoU7bzHv8IjYYeefSNSMq,331,Ullu Ka Pattha,"Pritam, Arijit Singh, Nikhita Gandhi",Jagga Jasoos,3rVBZoeJT4lIr1S9EeENtc,"filmi, indian instrumental, desi pop, modern bollywood"
desi,5eoU7bzHv8IjYYeefSNSMq,331,Galti Se Mistake,"Pritam, Arijit Singh, Amit Mishra",Jagga Jasoos,7gFu2zjthH2zPbyl4uHLpr,"filmi, indian instrumental, modern bollywood"
desi,5eoU7bzHv8IjYYeefSNSMq,331,Palat - Tera Hero Idhar Hai,Arijit Singh,Main Tera Hero,0dTjGvzVRsvUjM9jJVWEDK,"filmi, modern bollywood"
desi,5eoU7bzHv8IjYYeefSNSMq,331,Party All Night,Yo Yo Honey Singh,Boss,0fGImK9uWSruIRhKGyjUC0,"filmi, modern bollywood, hindi hip hop"
desi,5eoU7bzHv8IjYYeefSNSMq,331,Zaraa Dil Ko Thaam Lo,"Anusha Mani, Vishal Dadlani",Don 2,1qbbe3NDhzji6McfE0semr,"modern bollywood, filmi"
desi,5eoU7bzHv8IjYYeefSNSMq,331,Main Tera Boyfriend,"Pritam, Arijit Singh, Neha Kakkar, Meet Bros.",Raabta,3InIAYQyi22mfV4g1T9Jkc,"filmi, indian instrumental, desi pop, modern bollywood"
desi,5eoU7bzHv8IjYYeefSNSMq,331,Chandralekha,"Vishal Dadlani, Jonita Gandhi",A Gentleman,4Ojb2PtBJPPuNplIFlhviN,"filmi, modern bollywood"
desi,5eoU7bzHv8IjYYeefSNSMq,331,"Ittefaq Se Raat Baaki (From ""Ittefaq"")","Jubin Nautiyal, Nikhita Gandhi, Tanishk Bagchi, Bappi Lahiri","Ittefaq Se Raat Baaki (From ""Ittefaq"") - Single",3Bs95d6gUTidOgE2J5nJJ3,"hare krishna, filmi, modern bollywood, classic bollywood, desi pop"
desi,5eoU7bzHv8IjYYeefSNSMq,331,Yeh Jo Des Hai Tera,A.R. Rahman,Swades,65fbHxPPnRGPXaGN3PtpXd,filmi
desi,5eoU7bzHv8IjYYeefSNSMq,331,Mere Naam Tu,Abhay Jodhpurkar,Zero,5fZ0oNVVUQe11KGpgcDCrY,modern bollywood
desi,5eoU7bzHv8IjYYeefSNSMq,331,F For Fyaar,"Vicky Kaushal, Mast Ali, Sikander Kahlon","F For Fyaar (From ""Manmarziyaan"") - Single",3Ci1CM7s6un5tcB6BGxX7j,"punjabi hip hop, desi hip hop"
desi,5eoU7bzHv8IjYYeefSNSMq,331,"Akh Lad Jaave (From ""Loveyatri"")","Badshah, Asees Kaur, Jubin Nautiyal, Tanishk Bagchi","Akh Lad Jaave (From ""Loveyatri"")",554Jv8PaaIVAwOOpoJ4YCm,"desi trap, hare krishna, filmi, modern bollywood, desi hip hop, desi pop"
desi,5eoU7bzHv8IjYYeefSNSMq,331,Kamariya,"Aastha Gill, Sachin Sanghvi, Jigar Saraiya, Divya Kumar",Stree,5cjVsWqIkBQC7acTRhL0RO,"gujarati pop, gujarati garba, filmi, modern bollywood, indian folk, desi pop"
desi,5eoU7bzHv8IjYYeefSNSMq,331,"Dheeme Dheeme (From ""Pati Patni Aur Woh"")","Tony Kakkar, Neha Kakkar, Tanishk Bagchi","Dheeme Dheeme (From ""Pati Patni Aur Woh"")",7ofWUKeNCUw1P64ArIwG9b,"filmi, desi pop, modern bollywood"
desi,5eoU7bzHv8IjYYeefSNSMq,331,"Muqabla (From ""Street Dancer 3D"")","Yash Narvekar, Parampara Tandon, Tanishk Bagchi","Muqabla (From ""Street Dancer 3D"")",28veUNu4veN0LOBVa0nFw8,"modern bollywood, desi pop, filmi"
desi,5eoU7bzHv8IjYYeefSNSMq,331,"Don't Be Shy Again (From ""Bala"")","Sachin-Jigar, Badshah, Shalmali Kholgade, Gurdeep Mehndi","Don't Be Shy Again (From ""Bala"")",2TbCdbFzs2xO2nzasn0Qvw,"desi trap, gujarati pop, filmi, modern bollywood, desi hip hop"
desi,5eoU7bzHv8IjYYeefSNSMq,331,"Pyaar Tenu Karda Gabru (From ""Shubh Mangal Zyada Saavdhan"")","Romy, Tanishk Bagchi, Yo Yo Honey Singh","Pyaar Tenu Karda Gabru (From ""Shubh Mangal Zyada Saavdhan"")",0OcVZqIer0LLu3K8sdU5Yb,"modern bollywood, desi pop, filmi, hindi hip hop"
desi,5eoU7bzHv8IjYYeefSNSMq,331,"Ghungroo (From ""War"")","Vishal-Shekhar, Arijit Singh, Shilpa Rao, Kumaar","Ghungroo (From ""War"")",0WdbnNKO0Jt4BZACSDQh44,"filmi, modern bollywood"
desi,5eoU7bzHv8IjYYeefSNSMq,331,"Jai Jai Shivshankar (From ""War"")","Vishal Dadlani, Benny Dayal","Jai Jai Shivshankar (From ""War"")",6lfSsCL894Qw15xbt7cSUy,"filmi, modern bollywood"
desi,5eoU7bzHv8IjYYeefSNSMq,331,"Haan Main Galat (From ""Love Aaj Kal"")","Pritam, Arijit Singh, Shashwat Singh","Haan Main Galat (From ""Love Aaj Kal"")",068HSvCf5MbQfhV4qqaelg,"indian fusion, filmi, modern bollywood, indian instrumental, desi pop"
desi,5eoU7bzHv8IjYYeefSNSMq,331,Gallan Kardi,"Prem & Hardeep, Jazzy B, Jyotica Tangri, Mumzy Stranger",Jawaani Jaaneman (Original Motion Picture Soundtrack),7bWIRK3emiP8UwH6fpDfuu,"bhangra, filmi, modern bollywood, punjabi pop, desi hip hop, classic bhangra, desi pop"
desi,5eoU7bzHv8IjYYeefSNSMq,331,Ole Ole 2.0,"Amit Mishra, Abhijeet",Jawaani Jaaneman (Original Motion Picture Soundtrack),4v1iuf9rFqnzru36khzHen,"filmi, modern bollywood"
desi,5eoU7bzHv8IjYYeefSNSMq,331,"Tattoo Waaliye (From ""Bunty Aur Babli 2"")","Shankar-Ehsaan-Loy, Neha Kakkar, Pardeep Sran, Amitabh Bhattacharya","Tattoo Waaliye (From ""Bunty Aur Babli 2"")",64A2hIKsAtwgfYSDTtX0j4,"filmi, modern bollywood"
desi,5eoU7bzHv8IjYYeefSNSMq,331,Luv Ju,"Shankar-Ehsaan-Loy, Arijit Singh, Amitabh Bhattacharya",Bunty Aur Babli 2,3HWqA57lTY6imySaXyaJL4,"filmi, modern bollywood"
desi,5eoU7bzHv8IjYYeefSNSMq,331,Jhoome Jo Pathaan,"Vishal-Shekhar, Arijit Singh, Sukriti Kakar, Vishal Dadlani, Shekhar Ravjiani, Kumaar",Pathaan,6FAYpZ4jve8vpvTwUvjK6H,"filmi, desi pop, modern bollywood"
desi,5eoU7bzHv8IjYYeefSNSMq,331,Vele,"Vishal-Shekhar, Vishal Dadlani, Shekhar Ravjiani",Student of the Year (Original Motion Picture Soundtrack),31phvnfUfwzi0nf3dO814j,"filmi, modern bollywood"
desi,5eoU7bzHv8IjYYeefSNSMq,331,Kukkad,"Vishal-Shekhar, Shahid Mallya, Nisha Mascarenhas, Marianne D'Cruz Aiman",Student of the Year (Original Motion Picture Soundtrack),7DbE178OOsJfJKyiNObOsw,"filmi, modern bollywood"
desi,5eoU7bzHv8IjYYeefSNSMq,331,Saturday Saturday,"Shaarib Toshi, Badshah, Indeep Bakshi, Akriti Kakar",Humpty Sharma Ki Dulhania (Original Motion Picture Soundtrack),5L9gWUx3Ystgb42kn3AF0i,"filmi, desi trap, desi hip hop, modern bollywood"
desi,5eoU7bzHv8IjYYeefSNSMq,331,Khalibali,"Shivam Pathak, Shail Hada",Padmaavat,3JT0mVof65rIHpRZITwRx1,"modern bollywood, filmi"
desi,5eoU7bzHv8IjYYeefSNSMq,331,"Manma Emotion Jaage (From ""Dilwale"")","Pritam, Amit Mishra, Anushka Manchanda, Antara Mitra",Dilwale (Original Motion Picture Soundtrack),6emsLWJ2bu8vCP7BslV76d,"filmi, indian instrumental, modern bollywood"
desi,5eoU7bzHv8IjYYeefSNSMq,331,Tere Pyaar Mein,"Pritam, Arijit Singh, Amitabh Bhattacharya, Nikhita Gandhi",Tu Jhoothi Main Makkaar,7Myx7fMLEdkBrkMGK0zhZp,"filmi, indian instrumental, desi pop, modern bollywood"
desi,5eoU7bzHv8IjYYeefSNSMq,331,Pyaar Hota Kayi Baar Hai,"Pritam, Arijit Singh, Amitabh Bhattacharya, Charan",Tu Jhoothi Main Makkaar,7zXcLSiKnMtmrmRQ0DieS9,"filmi, indian instrumental, modern bollywood"
desi,5eoU7bzHv8IjYYeefSNSMq,331,Oh Girl You're Mine .,"Tarun Sagar, Alyssa Mendonsa, Loy Mendonsa",Housefull,4O5ERhWIhAnBelhNDHcSlA,modern bollywood
desi,5eoU7bzHv8IjYYeefSNSMq,331,Aapka Kya Hoga (Dhanno),"Mika Singh, Sunidhi Chauhan, Sajid Khan",Housefull,5ogIZnw2wGLe4i69uqmESi,"filmi, modern bollywood"
desi,5eoU7bzHv8IjYYeefSNSMq,331,Sab Tera,"Armaan Malik, Shraddha Kapoor",Baaghi,5uUEytfFSWfTzu5EqZxQju,"filmi, modern bollywood"
desi,5eoU7bzHv8IjYYeefSNSMq,331,"Mera Wala Dance (From ""Simmba"")","Nakash Aziz, Neha Kakkar, Lijo George, Dj Chetas","Mera Wala Dance (From ""Simmba"")",2WDNxbQejWu16O44FcMEFM,"filmi, desi pop, tollywood, modern bollywood"
desi,5eoU7bzHv8IjYYeefSNSMq,331,One Two Three Four (Get On The Dance Floor),"Vishal Dadlani, Hamsika Iyer",Chennai Express,3XyFQxpSlGowWpZkIn3ISA,"filmi, modern bollywood"
desi,5eoU7bzHv8IjYYeefSNSMq,331,Ek Pal Ka Jeena,Lucky Ali,Kaho Naa Pyaar Hai (Original Motion Picture Soundtrack),2YOEKFkS1IWFmZglZx2M3f,"filmi, modern bollywood"
desi,5eoU7bzHv8IjYYeefSNSMq,331,"Kaho Naa Pyar Hai, Pt. 1","Udit Narayan, Alka Yagnik",Kaho Naa Pyaar Hai (Original Motion Picture Soundtrack),1kNRT6BC7rbZmwlozMk86v,"chutney, hare krishna, filmi, modern bollywood, odia pop"
desi,5eoU7bzHv8IjYYeefSNSMq,331,"Kaho Naa Pyar Hai, Pt. 2",Udit Narayan,Kaho Naa Pyaar Hai (Original Motion Picture Soundtrack),2kQ01mgmolvlVjrwPDYDlc,"filmi, chutney, odia pop"
desi,5eoU7bzHv8IjYYeefSNSMq,331,Shanivaar Raati,"Arijit Singh, Shalmali Kholgade",Main Tera Hero,6uBlFLMNdux36BAHOwouqS,"filmi, modern bollywood"
desi,5eoU7bzHv8IjYYeefSNSMq,331,The Humma Song,"A.R. Rahman, Badshah, Tanishk Bagchi, Shashaa Tirupati, Jubin Nautiyal",OK Jaanu (Original Motion Picture Soundtrack),7heMX7gyHP0mhTlNgd7Lxd,"desi trap, hare krishna, filmi, modern bollywood, desi hip hop, desi pop"
desi,5eoU7bzHv8IjYYeefSNSMq,331,Chaar Kadam,"Shaan, Shreya Ghoshal",Pk,0bYDMpQ94LnF38FiOlc8K9,"filmi, modern bollywood"
desi,5eoU7bzHv8IjYYeefSNSMq,331,Taare Ginn,"A.R. Rahman, Mohit Chauhan, Shreya Ghoshal",Dil Bechara (Original Motion Picture Soundtrack),1wbxjQnN7MTk8MKt3SumyY,"filmi, modern bollywood"
desi,5eoU7bzHv8IjYYeefSNSMq,331,Ik Vaari Aa,"Pritam, Arijit Singh",Raabta,7fyiYhn7STpHvT5g0lbncC,"filmi, indian instrumental, modern bollywood"
desi,5eoU7bzHv8IjYYeefSNSMq,331,Main Tumhara,"A.R. Rahman, Jonita Gandhi, Hriday Gattani",Dil Bechara (Original Motion Picture Soundtrack),2ZvWoJ82LKCgD0nU9H5ue5,"filmi, hindi indie, modern bollywood"
desi,5eoU7bzHv8IjYYeefSNSMq,331,"Mann Bharryaa 2.0 (From ""Shershaah"")","B Praak, Jaani","Mann Bharryaa 2.0 (From ""Shershaah"")",3jf5303mzzJ96O8xFTcEn4,"filmi, punjabi pop, desi pop"
desi,5eoU7bzHv8IjYYeefSNSMq,331,Dil Bechara,A.R. Rahman,Dil Bechara (Original Motion Picture Soundtrack),4UJkUnfEEL8B2JZ1OQfYOO,filmi
desi,5eoU7bzHv8IjYYeefSNSMq,331,Khulke Jeene Ka,"A.R. Rahman, Arijit Singh, Shashaa Tirupati",Dil Bechara (Original Motion Picture Soundtrack),1XFZMenJ30FfGOsj8X5sqf,"filmi, modern bollywood"
desi,5eoU7bzHv8IjYYeefSNSMq,331,Maskhari,"A.R. Rahman, Sunidhi Chauhan, Hriday Gattani",Dil Bechara (Original Motion Picture Soundtrack),3AeOPuf7VfwUsxeQNN9Vsv,"filmi, hindi indie, modern bollywood"
desi,5eoU7bzHv8IjYYeefSNSMq,331,Afreeda,"A.R. Rahman, Sanaa Moussa, Raja Kumari",Dil Bechara (Original Motion Picture Soundtrack),2hBBaxbu7oZQSW2wEJmIeJ,"arab alternative, filmi, palestinian pop, palestinian traditional, desi hip hop"
desi,5eoU7bzHv8IjYYeefSNSMq,331,Mera Naam Kizie,"A.R. Rahman, Aditya Narayan, Poorvi Koutish",Dil Bechara (Original Motion Picture Soundtrack),4KDh7R28qyCOACE3VmdIg2,"filmi, modern bollywood"
